HoleLabel,DarkNoise
-2118,1.84664663889
-2117,0.329505814815
-2116,0.103020988
-2115,0.184106478095
-2114,0.150616833735
-2113,0.312236407407
-2112,1.16596321296
-2111,0.146618064815
-2110,0.115198099074
-2109,0.279749111111
-2108,0.138299643519
-2107,0.139726356481
-2106,0.12880189537
-2105,6.20835624516
-2104,0.129823918519
-2103,2.174376975
-2102,0.104876260185
-2101,1.39412797143
-2018,0.139522574074
-2017,0.341914572222
-2016,0.228049627778
-2015,0.184410294444
-2014,0.277450787037
-2013,0.459710138889
-2012,0.243677927103
-2011,0.0003414045
-2010,0.199266174074
-2009,0.155471667593
-2008,0.157269025926
-2007,2.44605506471
-2006,0.000324462
-2005,0.119763547222
-2004,0.155886714019
-2003,0.195576205556
-2002,0.220558127103
-2001,0.375098861111
-1918,0.639513138889
-1917,0.223161412222
-1916,1.12019741667
-1915,0.127908689815
-1914,0.157166966667
-1913,0.144697500857
-1912,0.252315960748
-1911,0.132773156622
-1910,0.168942712129
-1909,0.180252893421
-1908,0.187095765432
-1907,0.180942279439
-1906,4.87938083333
-1905,0.161133337037
-1904,0.227848508333
-1903,0.00109987066667
-1902,0.238149252336
-1901,0.15717647963
-1836,0.130588819626
-1835,0.000805276333333
-1834,0.19759844717
-1833,0.0003414045
-1832,0.0917884333333
-1831,0.0984039092593
-1830,0.206847194444
-1829,0.988208083178
-1828,0.166741038889
-1827,0.203652981481
-1826,0.177836438889
-1824,0.111539981818
-1823,0.0003414045
-1822,0.0003414045
-1821,0.000324462
-1819,0.56400505
-1818,0.153540767568
-1816,0.0167813906667
-1815,0.330143632184
-1814,0.0032866532
-1813,0.169955348148
-1812,0.28103363015
-1811,1.68333476852
-1810,0.000324462
-1809,0.280348523364
-1808,0.30337065943
-1807,0.173052262037
-1806,0.00088441275
-1805,0.38714006383
-1804,0.0003414045
-1803,0.0003414045
-1802,0.001486263
-1801,0.0003414045
-1736,0.175712627778
-1735,0.213061
-1734,1.00083048148
-1733,0.0003414045
-1732,0.183975937963
-1731,0.000805276333333
-1730,0.00138294633333
-1729,0.0016072818
-1727,0.0003414045
-1726,0.00105877514286
-1725,0.172338395534
-1724,0.145826219444
-1723,0.175103371613
-1722,0.000685306333333
-1720,0.0003414045
-1719,0.173131024074
-1718,0.733620394538
-1717,0.13793002378
-1715,0.358267272162
-1714,0.0007000615
-1713,0.000729110714286
-1712,0.000685306333333
-1711,0.0003414045
-1709,0.001760583
-1708,0.36112962037
-1707,0.189102825
-1706,0.155836991589
-1705,0.0008086728
-1704,9.42360305556
-1703,0.163196897222
-1702,0.333789675926
-1701,0.001486263
-1636,0.415136355
-1635,0.189307164486
-1634,0.195087214019
-1633,0.117734654545
-1632,0.00161515492
-1631,0.267821295327
-1630,0.226563842593
-1629,0.195720314815
-1628,0.00171037
-1627,0.418146194444
-1626,0.165643717593
-1625,0.15301802037
-1624,0.3887133
-1623,0.00110030215789
-1622,0.00813800225
-1620,4.57630325
-1618,0.5565026809
-1617,0.013020022375
-1615,0.207301149425
-1614,0.141951431481
-1613,37.5548843137
-1612,4.90287062963
-1611,0.359871399631
-1610,23.8442859639
-1609,0.193254921296
-1608,0.0012606798
-1607,0.202395090741
-1606,0.0012606798
-1605,0.174392807407
-1604,0.146866691667
-1603,0.000593363
-1602,0.0003414045
-1601,0.0283127044833
-1536,0.000355652333333
-1535,0.194247511224
-1534,0.55894312037
-1533,0.10874995
-1532,0.20712762963
-1531,0.0003414045
-1530,0.367269416667
-1529,0.000324462
-1528,0.000354182
-1527,0.139470530556
-1526,0.000324462
-1525,0.147085341667
-1524,0.225637415741
-1523,0.109899206667
-1522,3.73348257547
-1520,0.195573769444
-1519,0.1605769276
-1518,0.578480806038
-1517,0.179104327778
-1515,0.170142405607
-1514,0.179995395283
-1513,0.138031306542
-1512,0.223562490741
-1511,0.197865935185
-1510,0.0003414045
-1509,0.000324462
-1508,0.206866811111
-1507,0.000324462
-1506,0.0026471593
-1505,0.135849119608
-1504,0.00475131563636
-1503,0.189667981481
-1502,0.0003414045
-1501,0.000355232666667
-1436,0.45797212963
-1435,0.00057859625
-1434,0.187412539815
-1433,0.175716647222
-1432,0.365771898148
-1431,0.202677901852
-1430,0.273877898148
-1429,0.0286671589063
-1428,0.0883661583871
-1427,0.303574434259
-1426,0.167561272222
-1425,1.3411041028
-1424,0.125038814151
-1423,0.292343287037
-1422,0.255068416667
-1421,0.167149083333
-1420,0.290717546
-1419,0.186305113889
-1418,0.0003414045
-1417,0.273940462963
-1416,0.000610554833333
-1415,0.0003414045
-1414,0.170036498058
-1413,5.17817117073
-1412,0.241602583333
-1411,0.0003414045
-1410,0.0003414045
-1409,0.208991337963
-1408,0.000593896333333
-1407,0.223105111111
-1406,0.158288723148
-1405,0.590489148148
-1404,0.0003414045
-1403,0.0003414045
-1402,0.018409181
-1401,0.611428
-1336,0.000685306333333
-1335,0.432077613453
-1334,0.396492333333
-1333,0.15097444537
-1332,0.901845333333
-1331,0.135555659259
-1330,1.302160133
-1328,0.000324462
-1327,0.000324462
-1326,0.000821943
-1325,0.743012922222
-1324,0.183939025472
-1323,0.000324462
-1322,0.000324462
-1321,0.116243757895
-1318,0.000356071333333
-1316,0.361976101852
-1315,0.0003414045
-1314,0.488158262136
-1313,0.182403048544
-1312,0.000355776
-1311,0.223931333333
-1310,0.191763369444
-1309,0.402999072257
-1308,0.155632458431
-1307,0.000802736571429
-1306,3.17165985833
-1305,0.373321747573
-1304,0.239186064815
-1303,0.931958487333
-1302,0.197088080556
-1301,9.508385
-1272,0.176826208333
-1270,3.86860462963
-1269,0.172292902778
-1268,0.409627537037
-1267,0.185992717593
-1266,0.000324462
-1265,0.203550962963
-1264,0.274106092593
-1263,1.06124237037
-1262,1.36595601852
-1260,0.000364559666667
-1259,0.123244571296
-1258,0.1315484
-1257,0.156356891667
-1256,0.384150903519
-1255,0.146885057407
-1254,0.222436694444
-1253,0.000324462
-1251,0.110341538911
-1250,0.190993911828
-1249,0.278787425926
-1248,0.223423669811
-1247,0.249948447619
-1246,0.188532236792
-1245,0.000324462
-1244,0.640244972222
-1243,0.55791372973
-1242,0.489790111111
-1241,0.388619101852
-1240,0.0003414045
-1239,0.332372166667
-1238,0.189797305556
-1235,0.240605273585
-1234,0.465272231481
-1233,0.0003414045
-1232,0.191981081667
-1231,0.149478305769
-1230,0.398028805556
-1229,0.15657812963
-1228,0.00038393
-1227,0.214357897667
-1226,0.0003414045
-1225,0.0003414045
-1224,0.175737973148
-1223,0.0003414045
-1222,0.155639058333
-1221,0.000324462
-1220,0.267698435185
-1219,0.182002718519
-1218,0.234871044444
-1217,0.446531349074
-1216,2.65294126725
-1215,0.221376496296
-1214,0.496568065421
-1213,0.247918822222
-1212,0.0003414045
-1211,0.185060935922
-1210,0.26846075
-1209,19.4098551402
-1208,0.706245853774
-1207,0.0682273592
-1206,0.192945027778
-1205,0.158037728972
-1204,0.200891282407
-1203,0.182939091667
-1202,0.206174101852
-1201,0.519347981481
-1172,0.00061001675
-1171,0.169775963889
-1170,0.216467666667
-1169,0.210539574074
-1168,0.489762830556
-1167,2.75445101852
-1166,40.2158735849
-1165,0.153236921296
-1164,0.456388111111
-1163,0.120504438889
-1162,0.218123212963
-1161,0.122639464815
-1160,0.2995835
-1159,0.159091805556
-1158,0.20384112037
-1157,0.160632575
-1156,0.000649399
-1155,0.165658883333
-1154,0.267452425926
-1153,0.0199699576522
-1152,0.166579447222
-1151,0.170862390741
-1150,0.178310473832
-1149,0.210584248148
-1148,0.253145556604
-1147,0.16264317037
-1146,0.000324462
-1145,0.270016259259
-1144,1.10296437037
-1143,0.00038393
-1142,0.2300878625
-1140,0.215347122929
-1139,0.359788055556
-1138,0.406636107
-1136,0.869453703704
-1135,0.111759569672
-1134,0.191747537963
-1133,0.141853587963
-1132,0.222698833333
-1131,0.169893168519
-1130,0.175051754369
-1129,0.159926539806
-1128,0.206237512037
-1127,0.231074425926
-1126,0.0003414045
-1125,0.264443675
-1124,0.0003414045
-1123,0.389829
-1122,0.294567388889
-1121,0.175843572222
-1120,0.630607305556
-1119,0.208928163889
-1118,0.427792527778
-1117,1.4470824466
-1116,0.663514485714
-1115,0.427230509259
-1114,1.11528918313
-1113,0.246233472222
-1112,0.0003414045
-1111,0.976438259259
-1110,0.678461583333
-1109,0.271200833333
-1108,1.30800006796
-1107,0.392949574074
-1106,0.215416618519
-1105,0.200380865421
-1104,1.01132153333
-1103,0.143473547664
-1102,0.604233158879
-1101,0.0003414045
-1072,0.140564657692
-1071,0.150681666667
-1070,0.210793601852
-1069,0.204730648148
-1068,0.243592414815
-1067,0.691268962963
-1066,0.0003414045
-1065,0.151827405556
-1064,0.472276374038
-1063,6.35636259259
-1062,0.166368946296
-1061,0.672994166667
-1060,7.9275012037
-1059,0.41028175
-1058,0.317530305556
-1057,0.408868073148
-1056,0.103232386111
-1055,0.232817088889
-1054,0.16447205463
-1053,0.129796128704
-1052,0.131918798113
-1050,0.199877712963
-1049,0.218289171296
-1048,0.246589964151
-1047,0.17902182
-1046,0.173266212264
-1045,0.619399162857
-1044,0.276424373832
-1043,0.344042055556
-1042,0.461796222222
-1041,0.128858831481
-1040,0.23760362766
-1039,0.214225201852
-1038,0.191104907407
-1037,15.9216546296
-1036,0.179567456604
-1035,0.561338896226
-1034,0.135660550926
-1033,0.174324007407
-1032,0.1235855
-1031,0.201705584783
-1030,0.163949113592
-1029,0.00132887842105
-1028,0.179779853398
-1027,0.166833701942
-1026,0.199394886707
-1025,0.258024700935
-1024,1.446685
-1023,0.120520073148
-1022,0.2067688
-1021,0.358585611111
-1020,0.127871826852
-1019,9.37582186916
-1018,0.173474243519
-1017,0.273184194444
-1016,0.516221877778
-1015,0.110402665517
-1014,0.248089607843
-1013,0.179385108333
-1012,0.392028346341
-1011,0.211607428571
-1010,0.202703186408
-1009,0.230025861111
-1008,0.172980286957
-1007,0.0003414045
-1006,0.231993561817
-1005,0.128890833645
-1004,0.0003414045
-1003,0.211962740741
-1002,0.139577174074
-1001,0.19982762963
-972,0.190356509259
-971,18.5576099074
-970,0.151599203704
-969,0.144533887037
-968,0.156609947222
-967,0.154154800926
-966,4.64786138889
-965,0.189228953704
-964,0.182285774074
-963,0.220623009259
-962,0.414578990741
-961,0.192268074074
-960,1.0076818466
-959,0.173114975
-958,0.221805174074
-957,0.21331512963
-956,24.7425693069
-955,2.07997263551
-954,0.162711959813
-953,0.338832537037
-952,0.889432485981
-950,0.174384814815
-949,0.173338028037
-948,0.148275174528
-947,4.93957971698
-946,1.02713218182
-945,0.177359496296
-944,0.182388536111
-943,0.00070653975
-942,0.224594638889
-941,0.33958462037
-940,0.157904424074
-939,0.1881562125
-937,0.1700764675
-936,0.170503177778
-935,0.17426651413
-934,0.202410268519
-933,0.200233526852
-932,0.184687009259
-931,0.736980601942
-930,1.39772534951
-929,0.18530477963
-928,0.225454740566
-927,0.182464861111
-926,0.204628047664
-925,0.31870535514
-924,0.111108205556
-923,0.321086
-922,0.0003414045
-921,0.58482737963
-920,0.0005559045
-919,0.204418203704
-918,0.257552064815
-917,0.0020369675625
-916,0.207670260185
-915,4.71835638889
-914,0.354979230189
-913,0.001036086
-912,0.467567933765
-911,0.243846239815
-910,0.176009712037
-909,0.161714057407
-908,0.189217214815
-907,0.164653143299
-906,0.248968314815
-905,0.130661064815
-904,0.231286731481
-903,0.0003414045
-902,0.352935018519
-901,0.166621301852
-872,0.0805848796296
-871,0.68241317757
-870,0.475651657407
-868,2.63554485981
-867,0.000354452
-866,1.02862233981
-865,0.179326
-864,0.189662028704
-862,0.114834951852
-861,0.21818375
-860,0.344287287037
-859,3.00504138889
-858,0.114295071296
-856,0.153938925926
-855,0.989361972222
-854,0.37030307619
-853,0.424478212037
-852,0.18116929537
-850,1.08058578519
-849,0.434666415
-848,0.172284201905
-847,0.134821612381
-846,0.309129490566
-844,0.141030246729
-843,0.169158663889
-842,0.160927242424
-841,0.125249902778
-840,0.189419194444
-838,0.301581361111
-837,0.233554564815
-836,0.603869037736
-835,0.556441028302
-834,0.203373398148
-832,0.107998583333
-831,0.20042284486
-830,0.230722076699
-829,0.15770262243
-828,6.75865759259
-826,0.141053871963
-825,0.447435083333
-824,0.61844812963
-823,0.124373980374
-822,0.527435601852
-820,1.95121
-819,0.15956690303
-818,0.191285806481
-817,0.142025707895
-816,0.154680477778
-814,0.20486330098
-813,0.178222566019
-812,0.220406827184
-811,0.20464555
-810,1.02287394167
-808,0.164322636111
-807,0.124976371134
-806,0.136579
-805,0.147014833333
-804,0.352291020232
-802,0.224177
-801,0.150474287097
-772,0.675626097222
-771,0.217293578704
-770,2.0827112963
-769,0.428498194444
-768,0.548848601852
-767,0.000778993
-766,0.333628398148
-765,0.146478944444
-764,0.471569759259
-763,1.93354592593
-762,0.241492083333
-761,0.123355085185
-760,0.162906499074
-759,0.146884808333
-758,0.203273194444
-757,1.06812452778
-756,0.170454625
-755,3.48865393269
-754,0.235405018519
-753,0.154211426168
-752,4.146392231
-751,0.144932658333
-750,0.33154125
-748,0.266794349038
-747,0.550482141509
-746,0.828406972222
-745,0.367243798077
-744,1.17207189423
-743,0.280908462963
-742,0.192486254545
-741,0.26027625
-740,0.184480521212
-739,0.171078401852
-738,0.192831657407
-737,0.304041747664
-736,0.162306789815
-735,0.243311734074
-734,5.44418843137
-733,0.400547123148
-732,0.150624301852
-731,0.204069464444
-730,0.209790864078
-729,0.164431659804
-728,0.242436171875
-727,0.236163252427
-726,0.386927038462
-725,0.186651928704
-724,0.0003414045
-723,0.204395241402
-722,0.187660564815
-721,0.183547503704
-720,0.0005205785
-719,0.18838060463
-718,0.101239263729
-717,0.164465340777
-716,0.246867407407
-715,0.450149611111
-714,0.244765186275
-713,0.168701739815
-712,0.174858219444
-711,0.176682807407
-710,0.187429397222
-709,0.180350589815
-708,0.145503469444
-707,0.171886096117
-706,0.283558346535
-705,0.158088991667
-704,0.226388907407
-703,1.05179106204
-702,0.199632360185
-701,0.000324462
-672,0.212099953704
-671,0.742718537037
-670,0.230545814815
-669,0.429905074074
-668,0.177797304348
-667,0.28505975
-666,0.148947199074
-665,0.114261400926
-664,0.300798055556
-663,0.102863172141
-662,0.187964813187
-661,0.302338083333
-660,0.000324462
-659,0.205036138889
-658,0.169771065741
-657,0.506001398148
-656,0.201472276852
-655,0.15939485463
-654,0.155633917204
-653,1.15110593981
-652,0.188790400926
-651,0.20496050463
-650,0.223776592593
-649,0.173673703704
-648,2.31674111538
-647,15.4616419231
-646,0.186427892308
-645,0.664496916346
-644,0.22326082243
-643,0.143384822222
-642,0.37327916
-641,3.51451944444
-640,1.709590273
-639,0.21112579798
-638,0.138341585185
-637,0.387125185185
-636,0.193661167593
-635,0.122576097222
-634,0.328299363636
-633,2.3704087037
-631,0.699616152778
-630,1.50372661765
-629,0.247626504673
-628,0.339215
-627,0.614995417476
-626,0.23497082243
-625,0.144913039062
-624,0.454607962963
-623,0.159922040741
-622,0.875493345794
-621,0.180482186111
-620,0.711726137255
-619,0.200234305556
-618,0.206474592593
-617,0.18182682037
-616,0.155499944444
-615,0.256070898148
-614,0.215326901961
-613,1.20353616915
-612,0.217487364078
-611,0.424157380435
-610,0.169607164815
-609,0.221475166667
-608,0.238470776699
-607,0.365264953704
-606,21.9524503821
-605,0.206436194444
-604,0.225792851852
-603,0.174866947222
-602,0.175913455556
-601,0.146001724731
-572,0.185001257407
-571,0.417615527778
-570,0.173212764815
-569,0.213394268519
-568,0.0905147093333
-567,0.249115722222
-566,2.01728693519
-565,2.67624725
-564,0.287075444444
-563,0.287121277778
-562,0.779129009259
-561,0.204458166667
-560,0.590238851852
-559,8.09307773621
-558,0.141956783333
-557,0.000354304
-556,0.321638314815
-555,0.766699555556
-554,0.301457296296
-553,0.221459605556
-552,0.38207087037
-551,0.151159246296
-550,0.165590193519
-549,3.28777777778
-548,0.285692317308
-547,1.10834850962
-546,2.45865241346
-545,0.137988615556
-544,0.223922951923
-543,0.159548118889
-542,1.237449687
-541,0.253934894444
-540,0.153657735185
-539,0.129243163889
-538,0.379894768519
-537,0.325137018519
-536,0.16485841619
-535,0.247466281481
-534,1.22975975342
-533,0.237599185185
-532,0.159545777778
-531,0.171483968519
-530,0.834083033333
-529,0.175599539806
-528,0.202536105102
-527,0.47158912963
-526,0.3436326
-525,0.837877149533
-524,0.379450717453
-523,0.301417009259
-522,0.136686540741
-521,0.128365621296
-520,0.0003414045
-519,0.369060952778
-518,0.209442269444
-517,0.453544070423
-516,0.216792957971
-515,0.257499173913
-514,0.239392546296
-513,0.301050981308
-512,0.167135981481
-511,0.524048231481
-510,0.253001277778
-509,0.237964092593
-508,0.261354657407
-507,0.219624666667
-506,0.209000416667
-505,0.185240339815
-504,0.564702333333
-503,0.254097584158
-502,1.52604351852
-501,0.144543642593
-472,0.000716762
-471,0.907697453704
-470,0.184550691667
-469,0.194711892593
-468,0.183163226852
-467,0.240803435185
-466,0.274780944444
-464,0.200791359259
-463,0.21661392963
-462,0.185287138889
-461,0.990864148148
-460,0.196221853704
-459,0.162516287037
-458,1.52421081481
-457,0.154795559259
-456,0.215967953704
-455,0.871557138889
-454,0.267423504673
-453,0.141901680556
-452,0.41260843617
-451,0.243298364486
-450,0.258692611111
-449,0.349302074074
-448,0.21080475
-447,1.20871105714
-446,0.210397630769
-445,0.185314953846
-444,0.149911314019
-443,0.180469481111
-442,0.311165030303
-441,0.706412403846
-440,0.194658734343
-439,0.303846177322
-438,0.133756467593
-437,0.152193848148
-436,0.273890235556
-435,0.120093201887
-434,0.212751897196
-433,0.201686958333
-432,0.129929308333
-431,0.209154926852
-430,0.90136762037
-429,0.306584747664
-428,1.11325893269
-427,0.246758638889
-426,0.169574553271
-425,0.548320075472
-424,0.404390981481
-423,0.330724708333
-422,0.137303091667
-421,0.18675562963
-420,0.170768290741
-419,0.125040496296
-418,0.162031068932
-417,0.125991496078
-416,0.376116771429
-415,0.213740331481
-414,0.130749856311
-413,0.471318972222
-412,0.335725833333
-411,0.155834299074
-410,0.185749851852
-409,0.194743916667
-408,0.322834970588
-407,0.363129932039
-406,0.168664282609
-405,0.130049862333
-404,0.230462286262
-403,0.263154083333
-402,0.0999529277778
-401,0.155218941667
-372,0.215815182407
-371,0.150907684259
-370,0.166479792593
-369,0.358877759259
-368,0.901407601852
-367,0.140716226852
-365,0.300936703704
-364,0.304470675926
-363,0.153739162963
-362,0.230280018519
-361,0.205471401852
-360,0.122089302778
-359,1.89629824074
-358,11.6877293519
-357,0.136383149074
-356,0.285942174074
-355,0.376200092593
-354,0.61259637963
-353,0.193228830556
-352,0.229333468519
-351,0.171846957407
-350,1.25534848148
-349,0.596512626168
-348,0.869833027778
-347,0.120605874444
-346,0.000850768833333
-345,0.197178490385
-344,0.000355462666667
-343,0.817829923077
-342,0.313858868687
-340,0.222892703704
-339,0.14789997037
-338,0.329204962963
-337,0.226334675926
-336,0.189268656075
-335,0.00109837
-334,0.306311074074
-333,0.149368465741
-332,0.719518148148
-331,0.171222978704
-330,0.201185565385
-329,0.356110537037
-328,0.177145701852
-327,0.339524640777
-326,0.286827416667
-325,0.812048398148
-324,0.287248925926
-323,0.88904765215
-322,0.398016243519
-321,0.603178534953
-320,0.192192683019
-319,0.128514340741
-318,1.24403920388
-317,0.202018944444
-316,0.311077118841
-315,0.172465805556
-314,1.41300006389
-313,0.24393512963
-312,0.404016148148
-311,0.179224912037
-310,0.237736907407
-309,2.50205969072
-308,0.41997362963
-307,0.147486651852
-306,2.04061216082
-305,0.923824972222
-304,0.452121514
-303,0.151276950926
-302,0.396873759259
-301,0.000251942666667
-272,0.374852018519
-271,0.0977207323232
-270,0.301824592593
-268,0.356776434259
-267,0.352458537037
-266,0.256550990741
-265,2.1139134537
-264,0.243167805556
-263,0.288408935185
-262,1.04010347222
-261,0.141594556481
-260,0.192261666667
-259,0.126205357407
-257,1.0120200463
-256,0.107325825926
-255,23.3499728571
-254,0.450252824074
-253,0.206014462963
-252,0.860671583333
-250,0.324033037037
-249,1.93961518519
-248,16.7856833333
-247,0.396528065421
-246,0.23691875
-245,0.184012922
-244,0.135693032381
-243,0.158874963462
-242,0.185856656481
-241,0.133164319444
-239,0.18584537037
-238,0.114618166667
-237,0.455049962963
-236,6.03738037037
-235,0.1131913
-234,0.188720864474
-232,0.175940515741
-231,0.300058747664
-230,0.159714263265
-229,0.0955952074766
-228,1.19411272222
-227,0.170280229126
-226,0.000565719
-225,0.0003414045
-224,1.19168810495
-223,0.137951460185
-221,1.97716185434
-220,0.18111095
-219,0.451359787037
-218,0.143069396296
-217,0.250463695225
-216,0.127782473519
-214,0.24222837963
-213,0.19636812037
-212,0.520413
-211,0.235982717391
-210,0.239727203704
-209,0.213718305556
-208,0.000324462
-207,3.1964612963
-206,0.151601159406
-205,0.447454194444
-203,0.0003414045
-202,0.109327093519
-201,0.211805515741
-172,0.352339351852
-171,19.0517617075
-170,0.000726719
-168,1.21433013889
-167,0.23575587963
-166,0.248063425926
-165,8.89638992593
-164,0.373692416667
-163,0.156926291667
-162,0.329084074074
-161,0.137497849074
-160,0.148788775
-159,0.312047185185
-157,0.246050694444
-156,0.360812009259
-155,0.303101175926
-154,0.159737056231
-153,0.26742762037
-152,0.386254430108
-150,0.466521317757
-149,0.149851139815
-147,0.212614830189
-146,0.2074695
-145,0.214768326923
-144,0.463587951923
-143,0.202935836667
-142,0.213891353535
-141,0.159383104762
-139,0.176579872222
-138,0.15072527037
-137,0.185174075
-136,1.133406
-135,0.188187275926
-134,0.000264548666667
-132,0.199810596262
-131,0.135371630556
-130,0.17169135463
-129,0.296035825243
-128,0.150062913462
-127,0.473543067308
-126,0.140970762037
-125,0.218952057692
-124,0.17985025
-123,0.150287604673
-121,39.8158572364
-120,0.253482731481
-119,0.170662096296
-118,0.214763690291
-117,0.224799222222
-116,0.151681488889
-114,2.32529581939
-113,0.178853916667
-112,0.269825944444
-111,0.16880422963
-110,1.63495888889
-109,0.460565574074
-108,0.389888192771
-107,0.211551507407
-106,0.232298409091
-105,0.425373882178
-103,0.177366114815
-102,0.122380164815
-101,0.242066314815
101,0.158667425
102,0.16864542037
103,0.236543907407
104,0.1966177
105,1.42316656481
106,0.181838848148
107,0.155465506481
108,0.187782691667
109,0.843363583333
110,0.1164479935
111,0.145272281481
112,0.170520839371
113,0.211535906542
114,0.334209125
115,0.730348888889
116,12.2593210697
117,0.165005212963
118,0.177626391667
119,0.315287731481
120,0.163581006481
121,0.223137429907
122,0.200540462963
123,0.0003414045
124,1.14562734951
125,0.16702512037
127,0.12892180387
128,0.177242634259
129,0.141608203016
130,0.533808787037
131,0.130330930556
132,0.200224789423
133,0.177104688889
134,0.194518009259
135,0.181091917308
136,0.362757548176
137,0.166110380556
138,0.303232037037
140,0.125239667593
141,0.273222851852
142,0.236504351852
143,0.350814798077
144,0.284382722222
145,0.184220450926
146,0.239249518868
147,0.168351414151
148,5.84091490566
149,0.187256193519
150,0.319965888889
151,1.1815830463
152,0.23176100463
153,0.362185685185
154,2.15525175
155,0.15052085493
156,0.270459663366
157,0.137134518718
158,0.106422549074
159,0.132257372222
160,0.280271344828
161,0.142790537963
162,0.179955482407
163,0.131899609259
164,0.28840375463
165,7.46624777778
166,1.44269528704
167,2.18816972222
168,0.648888416667
169,0.216370277778
170,1.47809933333
171,0.497561638889
172,0.239227425926
201,0.115142709259
202,0.153122136364
204,0.128963085185
205,0.648770722222
206,0.264625842593
207,0.328415527778
208,0.192226763889
209,0.505545768519
210,0.120727971296
211,0.246538453704
213,0.171020375926
214,0.150764550515
215,1.82923121495
216,0.130036231481
217,1.50184773196
218,0.885478412371
219,0.497876046296
220,0.1577733
221,0.892010953704
222,0.638260240741
223,0.306753287037
224,0.233279759615
225,0.118113392593
226,0.167319910185
227,0.118375316667
228,0.166512737383
229,0.231897666667
230,0.281479444444
231,0.286256731481
232,0.214221314815
233,0.316217407407
234,0.000324462
235,5.71090877966
236,0.407535675926
237,0.106331781481
238,0.143578342593
239,0.168098372222
240,0.158093636111
241,0.179469046296
242,0.194619444444
243,0.160824594673
244,0.181110520192
245,0.18130772963
246,57.7163260193
247,0.190303974074
248,0.328318194444
249,0.668778980583
250,0.139572795652
251,0.180920708333
252,0.0995666472222
253,0.437551
254,0.160899125926
255,0.0684967818182
256,0.199290137963
257,0.173679308411
258,0.117286330841
259,0.267903682243
260,0.139716278704
261,0.0949957407407
262,0.287449916667
263,0.186228814815
264,0.164180644444
265,0.155658900926
266,0.149148619444
267,0.204612186916
268,0.145382
269,0.209496333333
270,6.99981453704
271,0.164956576852
272,0.393873055556
301,0.156315939815
302,0.183593721296
303,0.21769675
304,0.133517840741
305,0.285687888889
306,0.179350699074
307,0.378740398148
308,0.162394113889
309,0.179823512037
310,1.39885586111
311,0.712251203704
312,0.203813814815
313,0.162055499074
314,0.211374546392
315,0.13760048866
316,0.0003542715
317,0.182087180556
318,0.145067703704
319,0.494913788462
320,2.45253495
321,0.228252961538
322,0.193228351852
323,0.135903931481
324,0.583306650485
325,0.701380130841
326,0.164749384259
327,0.612814259259
328,0.228488009259
329,0.235989317073
330,0.0988983663551
331,0.143373226852
332,0.172678993519
333,0.216959305556
334,0.289815263889
335,5.55095454186
336,7.15962810935
337,1.14313109346
338,20.7900375962
339,0.348132583333
340,0.262406416667
341,0.719990074074
342,0.221104388889
343,0.235239814815
344,0.183629689815
345,0.335669224272
346,0.240898037037
347,0.190042684259
348,0.170491817593
349,1.20700544944
350,0.180750233333
351,0.217902231481
352,0.249623528571
353,0.135096980556
354,0.162490649074
355,0.128823383333
356,50.3270354839
357,0.121705824074
358,0.116094064356
359,0.218714778704
360,0.139477476852
361,0.157480462963
362,0.123071035185
363,0.146936663889
364,0.169817127778
365,0.36910687037
366,0.1325346
367,0.152024263551
368,0.155300207736
369,0.29032012037
370,0.239059240741
372,0.188543199074
401,1.68227601852
402,0.144845701852
403,0.189762133333
404,0.233788083333
405,0.119823721296
406,0.182009851852
407,0.191135919444
408,0.250893342593
409,0.190035000926
410,0.15380348972
411,0.116110914815
412,0.378069846154
413,0.780921888889
414,0.860408962963
415,0.18195775
416,0.202955084536
418,0.582472588785
419,0.373127567308
420,0.110672019444
421,0.428112911111
422,0.285268296296
423,0.101030277528
424,0.284329101852
425,0.155543422222
426,0.112975518095
427,0.242351067882
428,0.155472630488
429,0.410691527778
430,0.184588800926
431,0.261746177778
432,0.000324462
433,0.755404212963
434,0.145369126852
435,0.217566921731
437,0.222420351852
438,0.762312239352
439,0.17025424537
440,0.214669546296
441,2.03593009259
442,0.318070657407
443,0.201185027778
445,0.180803081481
446,0.150505232407
447,0.122789170278
448,0.176854035849
449,0.363490305556
450,1.55399262963
451,0.000324462
452,0.208648361111
453,0.251878883495
454,0.16036024537
455,0.154149612037
456,0.952255342593
457,0.290453653061
458,0.571120268519
459,0.10232692037
460,7.30119582317
461,0.149066887963
462,0.37061525
463,0.139016537963
464,0.085502547
465,0.48212262037
466,0.156404726852
467,0.148816553704
468,0.000324462
469,1.32896630556
470,0.165014790741
471,0.213974481481
472,0.17463215
501,0.149676863889
502,0.166495791667
503,0.874891083333
504,0.184713313889
505,0.203919731481
506,1.01902317685
507,0.341417833333
508,0.299381440741
509,0.200532157407
510,0.213419916667
511,0.000361915
512,0.239674074074
513,0.365413194444
514,0.15411415
515,0.161027077778
516,0.180567206186
517,0.21696125
518,0.334780041237
519,1.08424012037
520,0.209707453704
521,0.57246046729
522,0.140741875926
523,0.824226165049
524,0.148893457407
525,0.388153324074
526,0.228316509259
527,0.192045358509
528,0.219013314815
529,0.000469036
530,0.10894325098
531,0.161175590741
532,0.000967553333333
533,0.579518009259
534,1.39744874563
535,0.157938787963
536,0.313782406542
537,0.427808861111
538,0.207780731481
539,0.435887564815
540,0.224370481481
542,0.26816975
543,10.5141672727
544,0.699012192308
545,0.191380810185
546,0.777560703704
547,0.157316933019
548,0.186269324074
549,0.234780166667
550,0.166967108333
551,0.133547360185
552,0.227101185185
553,0.206249610976
554,1.00350850833
555,0.175806301852
556,0.116579731
557,0.137319844444
558,0.413941611111
559,0.194627694444
560,0.195066342593
561,0.12446455463
562,0.127983930556
563,0.192545921296
564,0.243269583333
565,0.133603006481
566,0.422067814815
567,0.179414075
568,0.295600361111
569,1.88716166667
570,0.316428703704
571,0.232281583333
572,0.158472944444
601,0.193228346296
602,0.672546731481
603,0.000324462
604,33.040642268
605,0.211977018519
606,0.289859355556
607,0.185936484259
608,0.129907206481
609,0.310979388889
610,0.193592265741
611,0.299258532407
612,0.38746437963
613,0.338000083333
614,0.17346034537
615,0.17081732243
616,0.180135540741
617,0.112709914815
618,0.18193217757
619,2.09808898148
620,0.152055816667
621,0.270972368421
622,0.201017972222
623,0.17435034537
624,0.140118174038
625,0.169890943519
627,0.20594975
628,0.118360961111
629,0.137251665094
630,0.134459010185
631,0.265187148148
632,0.34036237963
633,0.506760472222
634,0.155113444167
635,0.123792959259
636,0.191528303704
637,0.174844652778
638,0.134244090741
639,0.488324438889
640,0.22981425
641,0.152937526852
642,0.235280675926
643,0.205279694444
644,0.232004018519
645,0.187148730556
646,0.144355928704
647,0.145871103704
648,0.190621941667
649,0.281666361111
650,3.64231287037
651,0.140051533645
652,0.134844536111
653,0.103693787037
654,0.166697239815
655,0.153302743519
656,0.132531626852
657,0.213028444444
658,0.115614250926
659,2.2852268786
660,0.116832412963
661,0.467086175926
662,0.20950612963
663,0.156245415888
664,0.129514303704
665,0.0959536824074
666,0.132727560185
667,0.18356709537
668,0.1493374
669,0.189645975
670,0.131402982407
671,0.322558102804
672,0.139665446591
701,0.268709
702,0.181203593519
703,0.201352425926
704,0.284993361111
705,0.21075105303
706,0.190873821296
707,0.181856460185
708,0.184031171508
709,0.000284667666667
710,0.679409462963
711,0.231129916667
712,0.232127636111
713,0.176915306481
714,0.167357509259
715,0.0877328925472
716,0.206727796296
717,3.1955326
718,0.230886407407
719,0.140790162037
720,0.138262797222
721,0.283524787037
722,13.9310166222
723,7.08507305556
724,0.821620067961
725,0.169096248148
726,0.15457035
727,0.000341938666667
728,0.403964759259
729,0.276043646465
730,0.197996636111
731,0.1825548
732,0.106569977778
733,0.336645387963
735,0.503952098131
736,0.170689851667
737,0.152151252778
738,0.21924637963
739,0.142318861111
740,0.169107647222
741,0.143510776852
742,0.192803701852
743,0.336638712963
744,0.179625601852
745,0.175697082407
746,0.157963456604
747,0.185895533019
748,0.278954157407
749,0.199938398148
750,0.180731342056
751,0.231017215054
752,0.291957007407
753,0.149460860185
754,0.158926435185
755,0.166519421296
756,0.182147546296
757,0.127994825
758,0.151158441667
759,0.157170663889
760,0.161995015741
761,0.118872891667
762,0.346453533019
763,0.112388816667
764,0.175002
765,2.56424589352
766,0.131940803704
767,0.124920674074
768,0.162160782407
769,0.116616708333
770,0.129700862963
771,0.15799162037
772,0.179725455701
801,0.192327868519
802,0.160905133333
804,0.371363833333
805,0.193886781481
806,0.263887518519
807,0.243626008333
808,0.199831471296
810,1.3273482963
811,0.142976794444
812,0.140328000926
813,0.333859148148
814,0.131942628704
816,0.183389378704
817,4.07918962963
818,0.237178268041
819,0.253001481481
820,0.121945731481
822,0.162879539815
823,0.690713296296
824,0.191020687037
825,0.19915437963
826,0.138964638318
828,0.41948087963
829,0.10175041028
830,0.108599201852
831,0.531560251852
832,0.147904882407
834,0.302624953519
835,0.123083991667
836,0.151626125888
837,1.15868507743
838,0.553691028037
840,0.136989940741
841,0.136259698148
842,0.137808097222
843,0.700364277778
844,0.134756311111
846,0.128157673148
847,0.176599286852
848,0.150961252778
849,0.146449589815
850,0.276718349515
852,0.127209722222
853,0.125338939815
854,0.135825250926
855,0.190194072222
856,0.175033575
858,0.162284674074
859,0.173729976636
860,1.15292641155
861,0.358389194444
862,0.105772860185
864,0.257562759259
865,0.234238268519
866,0.342510601852
867,1.61381983333
868,0.114015395327
870,0.1752652
871,0.174697355234
872,0.183604037037
901,0.151652134259
902,0.425162287037
903,0.392995148148
904,0.261635371296
905,0.311573061111
906,0.3360265
907,0.243712948148
908,2.13864288889
909,0.520768722222
910,3.96100500926
911,0.201664837963
912,0.179248182407
913,0.209150476852
914,0.713767305556
915,0.199607917526
916,0.143043702062
917,0.136753919626
918,0.164516253704
919,0.385100231481
920,0.224162555556
921,0.208654962963
922,0.405328305556
923,0.317283592593
924,0.240585074074
925,0.290310037037
926,0.178948102778
927,0.16907175
928,0.259806740741
929,0.117133774074
930,0.14919605
931,0.504261612963
932,0.956430451961
933,6.09041166667
934,0.209993575701
935,0.196556688889
936,0.141182560526
937,0.22912762963
938,0.230239787037
939,0.141056030556
940,0.17536857963
941,0.115291269444
942,0.621745518519
943,0.686727351852
944,0.152364403846
945,0.219149787037
946,0.139386474887
947,0.154724843519
948,0.231242231481
950,0.173141236111
951,0.236623351852
952,0.137992734259
953,0.175688156481
954,0.360086551724
955,0.490131259259
957,0.182823940187
958,0.133860638889
959,0.136583319444
960,0.200315660185
961,0.191237523148
962,0.144190674074
963,0.147524405556
964,0.18536359537
965,0.297231805556
966,0.132227888889
967,2.40722265094
968,1.05367875926
969,0.165151258333
970,0.148255761111
971,0.0213121376087
972,0.208334717593
1001,0.232160231481
1002,0.184054640741
1003,0.245718141667
1004,0.391196531481
1006,24.8444899057
1007,0.265840052778
1008,1.4120545463
1009,0.230314407407
1010,0.236577072222
1011,0.160875989815
1012,0.282270906542
1013,0.18505034537
1014,0.154122544444
1015,0.186381028866
1016,0.13168656875
1017,0.382921437963
1018,4.2062837037
1019,0.443107259259
1020,0.115615721296
1021,0.159370999074
1022,0.483385466019
1023,0.102737652778
1024,0.184021635185
1025,0.261523120355
1026,1.67976586916
1027,0.147546465741
1028,0.140123930556
1029,0.108992206542
1030,0.000797726333333
1031,0.74901751577
1032,0.125376600926
1033,0.363861472222
1034,1.64475375
1035,0.590191416667
1036,0.203327861111
1038,0.134247176852
1039,0.146091668519
1040,0.223134046296
1041,0.643619851389
1042,0.15702697757
1043,2.81049583333
1044,0.263677212963
1045,0.114948371296
1046,0.384897916667
1047,0.139707787963
1048,0.158478410185
1049,0.354397777778
1050,0.10846580463
1051,0.1876759
1052,0.000324462
1053,0.248387912621
1054,0.179122702778
1055,0.194230167593
1056,0.272189740741
1057,0.152102681481
1058,0.476471537037
1059,0.121312293333
1060,0.157177712963
1061,0.146341453704
1062,0.146523286111
1063,0.147730265741
1064,0.1367944
1065,2.94179267593
1066,0.192622524074
1067,0.148046397222
1068,0.117549757009
1069,0.232131296296
1070,0.171389122222
1071,0.949760638889
1072,0.459230824074
1101,0.187988641667
1102,0.21240312037
1103,0.248416443925
1104,1.01299168519
1105,0.49662962963
1106,0.406490598131
1107,0.291379575
1108,1.25357406667
1109,0.238298309259
1110,0.196007174766
1111,8.26342574074
1112,0.423299814815
1113,0.461970138889
1114,0.182936059259
1115,0.135204810309
1116,0.177332732407
1117,0.135712238889
1118,0.22919437963
1119,0.12706914537
1120,0.133938199074
1121,0.234358189815
1122,0.0494221246667
1123,0.000324462
1124,0.124996711111
1125,0.125836001852
1126,0.964959064815
1127,0.116987814815
1128,0.117400293519
1129,0.132324662963
1130,0.283115916667
1132,0.121096738835
1133,0.341516401852
1134,0.121835678704
1135,0.191356802778
1136,0.142533725926
1137,0.172485191667
1138,0.195536980556
1139,0.437248083333
1140,0.130078838889
1141,1.58882051852
1142,0.132873685185
1143,0.157399959259
1144,0.375483231481
1145,1.4510772037
1146,0.138735254717
1147,0.214725583333
1148,0.163502883333
1149,0.249131598131
1150,0.503600728972
1151,0.241186409259
1152,0.161046241667
1153,0.00657212094915
1154,0.216583073148
1155,1.61248758879
1156,0.161118802778
1157,0.817651489899
1158,0.669307287037
1159,0.167707992523
1160,0.187808769444
1161,0.187583596296
1162,0.332141675926
1163,0.21030667963
1164,0.341493583333
1165,0.137772648148
1166,0.994516805556
1167,0.153088047222
1168,0.138017409434
1169,0.170231475
1170,0.000324462
1171,0.21097424537
1172,0.195352931132
1201,4.09459248148
1203,0.280896564815
1204,0.293937851852
1205,0.301224259259
1206,0.24900950463
1207,0.292361305556
1208,0.283756314815
1210,0.216561055556
1211,2.37670027778
1212,0.432435407407
1213,0.218342663551
1214,0.227720416667
1215,0.7582142
1216,0.193144268687
1217,0.268183768519
1218,0.1863499772
1220,0.620371787037
1221,0.147977693519
1222,0.0996708990741
1223,0.985943435185
1224,0.396817898148
1225,0.414729787037
1226,0.170429312037
1227,0.152591205556
1228,0.123265437963
1229,0.181358158333
1230,0.352872151402
1231,0.64427677757
1232,0.988392787037
1233,2.72341537963
1234,0.360665972222
1235,0.140339338202
1236,1.44146249346
1237,1.22884861111
1238,0.101148716667
1239,0.129322903704
1240,0.125245244444
1241,0.151479942593
1242,0.613935051402
1243,0.125849511538
1244,0.000324462
1245,0.165196102778
1246,0.114507404151
1247,0.143519125926
1248,0.000324462
1249,0.132480503738
1250,0.101292257282
1251,0.21524044
1252,0.507095521739
1253,0.13620317931
1254,0.825344685185
1255,0.205987469444
1256,5.89065159434
1257,0.157437769444
1258,0.226873611111
1259,0.592437846111
1260,0.197370161111
1261,4.10909555556
1262,0.184961931481
1263,0.157468941667
1264,0.132675760185
1265,0.197546450926
1266,0.165494085185
1267,2.48375055556
1268,3.43804409375
1269,16.8056933868
1270,0.168269697196
1271,1.86627512963
1272,0.205146006481
1301,0.216515775
1302,0.225400811111
1303,0.43834237037
1304,0.22998214
1305,0.199854553704
1306,0.316095564815
1307,0.313717561111
1308,0.136992991667
1309,0.161724258586
1310,0.346594444444
1311,0.157117175
1312,0.169661843519
1313,0.121633627103
1314,0.164305942593
1315,0.11729317963
1316,10.354816974
1317,0.144233431481
1318,0.159455660654
1319,1.41694752336
1320,0.188607833333
1321,0.164910986111
1322,0.145489444444
1323,0.147825699074
1324,1.0119888287
1325,0.196260356481
1326,0.174069365421
1327,0.172115028736
1328,0.809137111111
1329,0.229617749074
1330,0.011774593
1331,0.402411759259
1332,0.138604652778
1333,0.231204219444
1334,0.206277696296
1335,0.183096756481
1336,0.180976104717
1401,1.51217657944
1402,0.231297203704
1403,0.218168953704
1404,0.221457310185
1405,0.176640478704
1406,0.193104336111
1407,0.233191718868
1408,0.169612471296
1409,0.147402243519
1410,1.34840797222
1411,0.297582055556
1412,0.148587933333
1413,10.2226416019
1415,0.507025104429
1416,0.148253964423
1417,1.43099962963
1418,0.715904796296
1419,0.125562859259
1420,0.145780851852
1421,0.111521797222
1422,23.8939613084
1423,0.127445399074
1424,0.203926587037
1425,0.161323747222
1426,0.160520633333
1427,0.2119163
1428,4.96242518519
1429,0.127669772222
1430,0.215666046296
1431,0.000291484
1432,0.183945706481
1433,0.139625900926
1434,0.255353222222
1435,0.182305863889
1436,0.000324462
1501,0.000324462
1502,0.0003460645
1503,0.21142202037
1504,0.186846732653
1505,0.176792900926
1506,0.277256638889
1507,0.136395467593
1508,0.000324462
1509,0.320892759259
1510,0.14368614537
1511,0.192593842593
1512,0.134941444444
1513,0.159244155556
1514,0.310735512243
1515,0.282660805556
1516,0.101527925926
1517,0.173230824074
1518,0.120426721296
1519,0.140853355556
1520,0.128618550926
1521,0.145467472222
1522,0.191759087037
1523,0.14496372037
1524,0.141058042593
1525,0.137171742222
1526,0.272822712963
1527,0.310714257009
1528,0.153420805556
1529,0.237313953704
1530,0.634845615895
1531,0.159707069444
1532,0.178641442593
1533,0.207872833333
1534,0.154009442991
1535,0.206630535185
1536,0.191129264486
1601,0.286642038318
1602,0.290847816327
1603,0.252419092453
1604,0.350691699029
1605,0.222672598148
1606,0.152631990741
1607,0.193251694845
1608,0.157225876852
1609,1.07139547917
1610,0.2553668924
1611,0.221208395833
1612,0.205302069444
1613,1.53642685741
1614,0.429866638889
1615,0.514729650943
1616,0.172091701887
1617,0.151297211538
1618,0.556550194444
1619,0.265576111111
1620,0.152574561111
1621,0.15065555463
1622,0.195881837963
1623,0.168179049074
1624,0.688725018519
1625,0.193758201852
1626,0.309689166667
1627,0.369922411215
1628,0.179580325926
1629,0.203770790741
1630,0.000784641
1631,0.182284839815
1632,0.000560171333333
1633,0.171325094444
1634,0.198938135514
1635,0.942823231481
1636,1.63550754112
1701,0.36924737037
1702,0.320497571296
1703,0.295967899057
1704,0.271362805556
1705,0.211095503704
1706,0.155199485185
1707,0.18585577037
1708,1.02823302326
1709,0.261208564815
1711,0.404450061856
1712,1.26644595238
1713,0.227832726852
1714,0.302807416667
1715,0.177830137037
1716,0.0409808324286
1717,0.156046980952
1718,0.192240811321
1719,0.167457188889
1720,0.139463150926
1721,0.186644672222
1722,0.165986606481
1723,0.176439973148
1724,0.306433407407
1725,0.194770107407
1726,0.213490678704
1727,0.267842835185
1729,0.281845728972
1730,0.251990941667
1731,0.222675077778
1732,0.947026233645
1733,0.406789835185
1734,0.294142324074
1735,0.402822148148
1736,0.320084492523
1801,0.47030202963
1802,0.4603880575
1803,0.393885374074
1804,0.250693120755
1805,0.92540125
1806,0.214170725234
1807,0.169205064815
1808,0.215067321649
1809,0.214744259794
1810,0.339009259259
1811,0.0019773255
1812,0.126953364948
1813,0.560280461111
1814,0.336370425926
1815,0.185724575926
1816,0.167464075926
1817,0.326767886792
1819,0.680680416667
1820,4.08809373832
1821,0.231565398148
1822,0.131845786111
1823,0.0003536755
1824,0.183222763889
1825,0.132523784259
1826,0.139236075926
1827,0.217618135514
1828,0.202589577778
1829,0.318068731481
1830,0.227427441667
1831,0.180621165741
1832,0.306712907407
1833,0.3644215
1834,0.287750019753
1835,0.506502462963
1836,0.556805971963
1901,0.000324462
1902,0.404791825926
1903,0.300965528037
1904,0.205656717593
1905,8.18190854217
1906,0.191068188544
1907,0.169009543519
1908,0.20461972037
1909,0.0661048340968
1910,0.321900694444
1911,0.202809196296
1913,0.244574366667
1914,0.000500947
1915,0.268481114019
1916,1.6608942243
1917,0.291147098148
1918,0.616974351852
2001,0.914919555556
2002,0.451288451087
2003,1.11162287065
2004,0.235726425926
2005,0.265180296296
2006,0.189149263889
2007,0.262129342593
2008,0.212221822581
2009,0.000324462
2010,0.149747746296
2011,0.277736046296
2012,0.199448068519
2013,0.218874
2014,0.245742813084
2015,0.275171092593
2016,0.191782784259
2017,0.302800040741
2018,0.555760009259
2101,0.378498510185
2102,0.484126054348
2103,0.247589067593
2104,0.225933772222
2105,0.163517172222
2106,0.535640444444
2107,3.75669519444
2108,0.353749211667
2109,0.655138447368
2110,0.180602969444
2111,0.523637435185
2112,1.42023914151
2113,0.201367260185
2114,0.228400321296
2115,0.143024710185
2116,0.362285691589
2117,0.227487050926
2118,0.546293814815
